<!-->
	<Recipe timeRequired="NUMBER" power="NUMBER">
		<input>
			<fluidStack>FLUID NAME SIZE</fluidStack>
			<itemStack>ITEM_NAME SIZE META</itemStack>
			<oreDict>OREDICT_NAME SIZE</oreDict>
        </input>
		<output>
			<fluidStack>FLUID_NAME SIZE</fluidStack>
			<itemStack>ITEM_NAME SIZE META</itemStack>
			<oreDict>OREDICT_NAME SIZE</oreDict>
		</output>
	</Recipe>
	
	Can have Multiple In/Outputs
	Some Machines can only Accept either Fluids or Items
	
	timeRequired="NUMBER"	how long a Recipe takes, Unit is in Ticks.
	power="NUMBER" how much Power the Recipes takes per Tick. Unit is in RF.
	
	The "useDefault" attribute will prevent loading of recipes if set to "false"
<!-->
<Recipes useDefault="true">
	<Recipe timeRequired="100" power ="1">
		<input>
			<oreDict>sheetIron</oreDict>
			<oreDict>sheetIron</oreDict>
		</input>
		<output>
			<itemStack>advancedrocketry:pressuretank</itemStack>
		</output>
	</Recipe>
	<Recipe timeRequired="200" power ="2">
		<input>
			<oreDict>sheetSteel</oreDict>
			<oreDict>sheetSteel</oreDict>
		</input>
		<output>
			<itemStack>advancedrocketry:pressuretank 1 1</itemStack>
		</output>
	</Recipe>
	<Recipe timeRequired="100" power ="1">
		<input>
			<oreDict>sheetAluminum</oreDict>
			<oreDict>sheetAluminum</oreDict>
		</input>
		<output>
			<itemStack>advancedrocketry:pressuretank 1 2</itemStack>
		</output>
	</Recipe>
	<Recipe timeRequired="1000" power ="8">
		<input>
			<oreDict>sheetTitanium</oreDict>
			<oreDict>sheetTitanium</oreDict>
		</input>
		<output>
			<itemStack>advancedrocketry:pressuretank 1 3</itemStack>
		</output>
	</Recipe>
	<Recipe timeRequired="300" power ="200">
		<input>
			<oreDict>plateIron</oreDict>
		</input>
		<output>
			<itemStack>libvulpes:productsheet 1 1</itemStack>
		</output>
	</Recipe>
	<Recipe timeRequired="300" power ="20">
		<input>
			<oreDict>ingotSilicon</oreDict>
		</input>
		<output>
			<itemStack>libvulpes:productplate 1 3</itemStack>
		</output>
	</Recipe>
	<Recipe timeRequired="300" power ="200">
		<input>
			<oreDict>plateCopper</oreDict>
		</input>
		<output>
			<itemStack>libvulpes:productsheet 1 4</itemStack>
		</output>
	</Recipe>
	<Recipe timeRequired="300" power ="200">
		<input>
			<oreDict>plateSteel</oreDict>
		</input>
		<output>
			<itemStack>libvulpes:productsheet 1 6</itemStack>
		</output>
	</Recipe>
	<Recipe timeRequired="300" power ="200">
		<input>
			<oreDict>plateTitanium</oreDict>
		</input>
		<output>
			<itemStack>libvulpes:productsheet 1 7</itemStack>
		</output>
	</Recipe>
	<Recipe timeRequired="300" power ="200">
		<input>
			<oreDict>plateAluminum</oreDict>
		</input>
		<output>
			<itemStack>libvulpes:productsheet 1 9</itemStack>
		</output>
	</Recipe>
	<Recipe timeRequired="300" power ="200">
		<input>
			<oreDict>plateTitaniumAluminide</oreDict>
		</input>
		<output>
			<itemStack>advancedrocketry:productsheet</itemStack>
		</output>
	</Recipe>
	<Recipe timeRequired="300" power ="200">
		<input>
			<oreDict>plateTitaniumIridium</oreDict>
		</input>
		<output>
			<itemStack>advancedrocketry:productsheet 1 1</itemStack>
		</output>
	</Recipe>
	<Recipe timeRequired="300" power ="20">
		<input>
			<oreDict>ingotAluminum</oreDict>
		</input>
		<output>
			<itemStack>libvulpes:productplate 1 9</itemStack>
		</output>
	</Recipe>
	<Recipe timeRequired="300" power ="20">
		<input>
			<oreDict>ingotAdvancedAlloy</oreDict>
		</input>
		<output>
			<itemStack>techreborn:plates 1 35</itemStack>
		</output>
	</Recipe>
	<Recipe timeRequired="300" power ="20">
		<input>
			<oreDict>ingotTitanium</oreDict>
		</input>
		<output>
			<itemStack>libvulpes:productplate 1 7</itemStack>
		</output>
	</Recipe>
	<Recipe timeRequired="300" power ="20">
		<input>
			<oreDict>ingotRefinedIron</oreDict>
		</input>
		<output>
			<itemStack>techreborn:plates 1 34</itemStack>
		</output>
	</Recipe>
	<Recipe timeRequired="300" power ="20">
		<input>
			<oreDict>ingotCopper</oreDict>
		</input>
		<output>
			<itemStack>libvulpes:productplate 1 4</itemStack>
		</output>
	</Recipe>
	<Recipe timeRequired="300" power ="20">
		<input>
			<oreDict>ingotBronze</oreDict>
		</input>
		<output>
			<itemStack>embers:plate_bronze</itemStack>
		</output>
	</Recipe>
	<Recipe timeRequired="300" power ="20">
		<input>
			<oreDict>ingotGold</oreDict>
		</input>
		<output>
			<itemStack>libvulpes:productplate 1 2</itemStack>
		</output>
	</Recipe>
	<Recipe timeRequired="300" power ="20">
		<input>
			<oreDict>ingotObsidian</oreDict>
		</input>
		<output>
			<itemStack>techreborn:plates 1 9</itemStack>
		</output>
	</Recipe>
	<Recipe timeRequired="300" power ="20">
		<input>
			<oreDict>ingotSilver</oreDict>
		</input>
		<output>
			<itemStack>embers:plate_silver</itemStack>
		</output>
	</Recipe>
	<Recipe timeRequired="300" power ="20">
		<input>
			<oreDict>ingotIridium</oreDict>
		</input>
		<output>
			<itemStack>libvulpes:productplate 1 10</itemStack>
		</output>
	</Recipe>
	<Recipe timeRequired="300" power ="20">
		<input>
			<oreDict>ingotTungstensteel</oreDict>
		</input>
		<output>
			<itemStack>techreborn:plates 1 32</itemStack>
		</output>
	</Recipe>
	<Recipe timeRequired="300" power ="20">
		<input>
			<oreDict>ingotBrass 4</oreDict>
		</input>
		<output>
			<itemStack>techreborn:plates 1 17</itemStack>
		</output>
	</Recipe>
	<Recipe timeRequired="300" power ="20">
		<input>
			<oreDict>ingotIron</oreDict>
		</input>
		<output>
			<itemStack>libvulpes:productplate 1 1</itemStack>
		</output>
	</Recipe>
	<Recipe timeRequired="300" power ="20">
		<input>
			<oreDict>ingotPlatinum</oreDict>
		</input>
		<output>
			<itemStack>techreborn:plates 1 26</itemStack>
		</output>
	</Recipe>
	<Recipe timeRequired="300" power ="20">
		<input>
			<oreDict>ingotTungsten</oreDict>
		</input>
		<output>
			<itemStack>techreborn:plates 1 31</itemStack>
		</output>
	</Recipe>
	<Recipe timeRequired="300" power ="20">
		<input>
			<oreDict>ingotLead</oreDict>
		</input>
		<output>
			<itemStack>embers:plate_lead</itemStack>
		</output>
	</Recipe>
	<Recipe timeRequired="300" power ="20">
		<input>
			<oreDict>ingotChrome</oreDict>
		</input>
		<output>
			<itemStack>techreborn:plates 1 19</itemStack>
		</output>
	</Recipe>
	<Recipe timeRequired="300" power ="20">
		<input>
			<oreDict>ingotTitaniumAluminide</oreDict>
		</input>
		<output>
			<itemStack>advancedrocketry:productplate</itemStack>
		</output>
	</Recipe>
	<Recipe timeRequired="300" power ="20">
		<input>
			<oreDict>ingotSteel</oreDict>
		</input>
		<output>
			<itemStack>libvulpes:productplate 1 6</itemStack>
		</output>
	</Recipe>
	<Recipe timeRequired="300" power ="20">
		<input>
			<oreDict>ingotCarbon</oreDict>
		</input>
		<output>
			<itemStack>techreborn:plates 1 2</itemStack>
		</output>
	</Recipe>
	<Recipe timeRequired="300" power ="20">
		<input>
			<oreDict>ingotElectrum</oreDict>
		</input>
		<output>
			<itemStack>embers:plate_electrum</itemStack>
		</output>
	</Recipe>
	<Recipe timeRequired="300" power ="20">
		<input>
			<oreDict>ingotZinc</oreDict>
		</input>
		<output>
			<itemStack>techreborn:plates 1 33</itemStack>
		</output>
	</Recipe>
	<Recipe timeRequired="300" power ="20">
		<input>
			<oreDict>ingotDawnstone</oreDict>
		</input>
		<output>
			<itemStack>embers:plate_dawnstone</itemStack>
		</output>
	</Recipe>
	<Recipe timeRequired="300" power ="20">
		<input>
			<oreDict>ingotTin</oreDict>
		</input>
		<output>
			<itemStack>libvulpes:productplate 1 5</itemStack>
		</output>
	</Recipe>
	<Recipe timeRequired="300" power ="20">
		<input>
			<oreDict>ingotNickel</oreDict>
		</input>
		<output>
			<itemStack>embers:plate_nickel</itemStack>
		</output>
	</Recipe>
	<Recipe timeRequired="300" power ="20">
		<input>
			<oreDict>ingotInvar</oreDict>
		</input>
		<output>
			<itemStack>techreborn:plates 1 22</itemStack>
		</output>
	</Recipe>
	<Recipe timeRequired="300" power ="20">
		<input>
			<oreDict>ingotTitaniumIridium</oreDict>
		</input>
		<output>
			<itemStack>advancedrocketry:productplate 1 1</itemStack>
		</output>
	</Recipe>
</Recipes>